backend,mode,view_index,view_order,sample,time_ms
diff,forward,0,0,0,2.4832000732421875
diff,forward,17,1,1,2.6112000942230225
diff,forward,34,2,2,2.5333759784698486
diff,forward,51,3,3,2.268160104751587
diff,forward,68,4,4,2.0889599323272705
diff,forward,85,5,5,1.8165760040283203
diff,forward,102,6,6,2.6408960819244385
diff,forward,119,7,7,2.4483840465545654
diff,forward,136,8,8,2.4821760654449463
diff,forward,153,9,9,2.4084479808807373
diff,forward,0,0,10,2.5088000297546387
diff,forward,17,1,11,2.6060800552368164
diff,forward,34,2,12,2.486272096633911
diff,forward,51,3,13,2.27839994430542
diff,forward,68,4,14,2.125823974609375
diff,forward,85,5,15,1.798143982887268
diff,forward,102,6,16,2.594815969467163
diff,forward,119,7,17,2.4545280933380127
diff,forward,136,8,18,2.421760082244873
diff,forward,153,9,19,2.406399965286255
diff,forward,0,0,20,2.5272319316864014
diff,forward,17,1,21,2.643968105316162
diff,forward,34,2,22,2.5333759784698486
diff,forward,51,3,23,2.313215970993042
diff,forward,68,4,24,2.0930559635162354
diff,forward,85,5,25,1.798143982887268
diff,forward,102,6,26,2.614272117614746
diff,forward,119,7,27,2.450432062149048
diff,forward,136,8,28,2.447360038757324
diff,forward,153,9,29,2.445312023162842
diff,forward,0,0,30,2.4883201122283936
diff,forward,17,1,31,2.593791961669922
diff,forward,34,2,32,2.4944639205932617
diff,forward,51,3,33,2.2958080768585205
diff,forward,68,4,34,2.0695040225982666
diff,forward,85,5,35,1.8176000118255615
diff,forward,102,6,36,2.632704019546509
diff,forward,119,7,37,2.4289278984069824
diff,forward,136,8,38,2.4483840465545654
diff,forward,153,9,39,2.465791940689087
diff,forward,0,0,40,2.4698879718780518
diff,forward,17,1,41,2.604032039642334
diff,forward,34,2,42,2.4647679328918457
diff,forward,51,3,43,2.2753279209136963
diff,forward,68,4,44,2.1135358810424805
diff,forward,85,5,45,1.8524160385131836
diff,forward,102,6,46,2.63372802734375
diff,forward,119,7,47,2.4299519062042236
diff,forward,136,8,48,2.4647679328918457
diff,forward,153,9,49,2.5139200687408447
diff,forward,0,0,50,2.5118720531463623
diff,forward,17,1,51,2.594815969467163
diff,forward,34,2,52,2.5466880798339844
diff,forward,51,3,53,2.3296000957489014
diff,forward,68,4,54,2.0889599323272705
diff,forward,85,5,55,1.7971199750900269
diff,forward,102,6,56,2.579456090927124
diff,forward,119,7,57,2.4483840465545654
diff,forward,136,8,58,2.4299519062042236
diff,forward,153,9,59,2.4944639205932617
diff,forward,0,0,60,2.531327962875366
diff,forward,17,1,61,2.604032039642334
diff,forward,34,2,62,2.519040107727051
diff,forward,51,3,63,2.2712318897247314
diff,forward,68,4,64,2.100224018096924
diff,forward,85,5,65,1.8124799728393555
diff,forward,102,6,66,2.615295886993408
diff,forward,119,7,67,2.461695909500122
diff,forward,136,8,68,2.465791940689087
diff,forward,153,9,69,2.495487928390503
diff,forward,0,0,70,2.4647679328918457
diff,forward,17,1,71,2.6019840240478516
diff,forward,34,2,72,2.4924159049987793
diff,forward,51,3,73,2.2999041080474854
diff,forward,68,4,74,2.0500481128692627
diff,forward,85,5,75,1.7971199750900269
diff,forward,102,6,76,2.6030080318450928
diff,forward,119,7,77,2.445312023162842
diff,forward,136,8,78,2.4494080543518066
diff,forward,153,9,79,2.5088000297546387
diff,forward,0,0,80,2.515968084335327
diff,forward,17,1,81,2.663424015045166
diff,forward,34,2,82,2.519040107727051
diff,forward,51,3,83,2.348031997680664
diff,forward,68,4,84,2.0039680004119873
diff,forward,85,5,85,1.8012160062789917
diff,forward,102,6,86,2.5978879928588867
diff,forward,119,7,87,2.417664051055908
diff,forward,136,8,88,2.4391679763793945
diff,forward,153,9,89,2.3695359230041504
diff,forward,0,0,90,2.442239999771118
diff,forward,17,1,91,2.559999942779541
diff,forward,34,2,92,2.480128049850464
diff,forward,51,3,93,2.274303913116455
diff,forward,68,4,94,2.085887908935547
diff,forward,85,5,95,1.827839970588684
diff,forward,102,6,96,2.604032039642334
diff,forward,119,7,97,2.4197120666503906
diff,forward,136,8,98,2.4524800777435303
diff,forward,153,9,99,2.406399965286255
diff,forward,0,0,100,2.481152057647705
diff,forward,17,1,101,2.6122241020202637
diff,forward,34,2,102,2.4995839595794678
diff,forward,51,3,103,2.2824959754943848
diff,forward,68,4,104,2.0879359245300293
diff,forward,85,5,105,1.8534400463104248
diff,forward,102,6,106,2.605056047439575
diff,forward,119,7,107,2.4197120666503906
diff,forward,136,8,108,2.4524800777435303
diff,forward,153,9,109,2.495487928390503
diff,forward,0,0,110,2.481152057647705
diff,forward,17,1,111,2.638848066329956
diff,forward,34,2,112,2.50163197517395
diff,forward,51,3,113,2.2712318897247314
diff,forward,68,4,114,2.110464096069336
diff,forward,85,5,115,1.8083839416503906
diff,forward,102,6,116,2.575360059738159
diff,forward,119,7,117,2.4053759574890137
diff,forward,136,8,118,2.48524808883667
diff,forward,153,9,119,2.437119960784912
diff,forward,0,0,120,2.4872961044311523
diff,forward,17,1,121,2.623487949371338
diff,forward,34,2,122,2.5374720096588135
diff,forward,51,3,123,2.3347198963165283
diff,forward,68,4,124,2.0643839836120605
diff,forward,85,5,125,1.831936001777649
diff,forward,102,6,126,2.623487949371338
diff,forward,119,7,127,2.4494080543518066
diff,forward,136,8,128,2.445312023162842
diff,forward,153,9,129,2.401279926300049
diff,forward,0,0,130,2.455552101135254
diff,forward,17,1,131,2.6265599727630615
diff,forward,34,2,132,2.4985599517822266
diff,forward,51,3,133,2.263040065765381
diff,forward,68,4,134,2.085887908935547
diff,forward,85,5,135,1.8176000118255615
diff,forward,102,6,136,2.5876479148864746
diff,forward,119,7,137,2.420736074447632
diff,forward,136,8,138,2.4432640075683594
diff,forward,153,9,139,2.411520004272461
diff,forward,0,0,140,2.519040107727051
diff,forward,17,1,141,2.6204159259796143
diff,forward,34,2,142,2.471935987472534
diff,forward,51,3,143,2.2650880813598633
diff,forward,68,4,144,2.0930559635162354
diff,forward,85,5,145,1.8237440586090088
diff,forward,102,6,146,2.5927679538726807
diff,forward,119,7,147,2.451456069946289
diff,forward,136,8,148,2.4268798828125
diff,forward,153,9,149,2.48524808883667
diff,forward,0,0,150,2.5415680408477783
diff,forward,17,1,151,2.5733120441436768
diff,forward,34,2,152,2.4545280933380127
diff,forward,51,3,153,2.2947840690612793
diff,forward,68,4,154,2.0838398933410645
diff,forward,85,5,155,1.8431999683380127
diff,forward,102,6,156,2.6449921131134033
diff,forward,119,7,157,2.398207902908325
diff,forward,136,8,158,2.4535040855407715
diff,forward,153,9,159,2.4238080978393555
diff,forward,0,0,160,2.4872961044311523
diff,forward,17,1,161,2.6009600162506104
diff,forward,34,2,162,2.4842240810394287
diff,forward,51,3,163,2.3296000957489014
diff,forward,68,4,164,2.0654079914093018
diff,forward,85,5,165,1.827839970588684
diff,forward,102,6,166,2.593791961669922
diff,forward,119,7,167,2.442239999771118
diff,forward,136,8,168,2.4832000732421875
diff,forward,153,9,169,2.50982403755188
diff,forward,0,0,170,2.48524808883667
diff,forward,17,1,171,2.574336051940918
diff,forward,34,2,172,2.52620792388916
diff,forward,51,3,173,2.2722558975219727
diff,forward,68,4,174,2.0930559635162354
diff,forward,85,5,175,1.814527988433838
diff,forward,102,6,176,2.6112000942230225
diff,forward,119,7,177,2.431999921798706
diff,forward,136,8,178,2.4391679763793945
diff,forward,153,9,179,2.4289278984069824
diff,forward,0,0,180,2.495487928390503
diff,forward,17,1,181,2.6112000942230225
diff,forward,34,2,182,2.4586238861083984
diff,forward,51,3,183,2.2753279209136963
diff,forward,68,4,184,2.1084160804748535
diff,forward,85,5,185,1.8657280206680298
diff,forward,102,6,186,2.6357760429382324
diff,forward,119,7,187,2.4391679763793945
diff,forward,136,8,188,2.4647679328918457
diff,forward,153,9,189,2.544640064239502
diff,forward,0,0,190,2.480128049850464
diff,forward,17,1,191,2.5825281143188477
diff,forward,34,2,192,2.4842240810394287
diff,forward,51,3,193,2.273279905319214
diff,forward,68,4,194,2.081792116165161
diff,forward,85,5,195,1.8247679471969604
diff,forward,102,6,196,2.6204159259796143
diff,forward,119,7,197,2.4924159049987793
diff,forward,136,8,198,2.570240020751953
diff,forward,153,9,199,2.5180160999298096
diff,forward_backward,0,0,0,12.666879653930664
diff,forward_backward,17,1,1,13.023232460021973
diff,forward_backward,34,2,2,12.95359992980957
diff,forward_backward,51,3,3,13.295616149902344
diff,forward_backward,68,4,4,13.498368263244629
diff,forward_backward,85,5,5,11.83846378326416
diff,forward_backward,102,6,6,13.020159721374512
diff,forward_backward,119,7,7,12.902400016784668
diff,forward_backward,136,8,8,13.118464469909668
diff,forward_backward,153,9,9,12.715007781982422
diff,forward_backward,0,0,10,12.601344108581543
diff,forward_backward,17,1,11,12.96076774597168
diff,forward_backward,34,2,12,12.909567832946777
diff,forward_backward,51,3,13,13.235199928283691
diff,forward_backward,68,4,14,13.227007865905762
diff,forward_backward,85,5,15,11.735039710998535
diff,forward_backward,102,6,16,12.909567832946777
diff,forward_backward,119,7,17,12.964863777160645
diff,forward_backward,136,8,18,13.206527709960938
diff,forward_backward,153,9,19,12.761088371276855
diff,forward_backward,0,0,20,12.542976379394531
diff,forward_backward,17,1,21,12.827648162841797
diff,forward_backward,34,2,22,12.85324764251709
diff,forward_backward,51,3,23,13.181952476501465
diff,forward_backward,68,4,24,13.236224174499512
diff,forward_backward,85,5,25,11.758591651916504
diff,forward_backward,102,6,26,13.08569622039795
diff,forward_backward,119,7,27,13.115391731262207
diff,forward_backward,136,8,28,13.327360153198242
diff,forward_backward,153,9,29,12.911616325378418
diff,forward_backward,0,0,30,12.526592254638672
diff,forward_backward,17,1,31,13.064191818237305
diff,forward_backward,34,2,32,12.939264297485352
diff,forward_backward,51,3,33,13.000703811645508
diff,forward_backward,68,4,34,13.230079650878906
diff,forward_backward,85,5,35,11.779071807861328
diff,forward_backward,102,6,36,13.036543846130371
diff,forward_backward,119,7,37,12.942336082458496
diff,forward_backward,136,8,38,13.133824348449707
diff,forward_backward,153,9,39,12.86963176727295
diff,forward_backward,0,0,40,12.650495529174805
diff,forward_backward,17,1,41,12.949503898620605
diff,forward_backward,34,2,42,12.86143970489502
diff,forward_backward,51,3,43,13.055999755859375
diff,forward_backward,68,4,44,13.110272407531738
diff,forward_backward,85,5,45,11.73094367980957
diff,forward_backward,102,6,46,13.178879737854004
diff,forward_backward,119,7,47,12.868608474731445
diff,forward_backward,136,8,48,13.347840309143066
diff,forward_backward,153,9,49,12.877823829650879
diff,forward_backward,0,0,50,12.596223831176758
diff,forward_backward,17,1,51,13.173760414123535
diff,forward_backward,34,2,52,12.906496047973633
diff,forward_backward,51,3,53,12.86246395111084
diff,forward_backward,68,4,54,13.246463775634766
diff,forward_backward,85,5,55,11.669504165649414
diff,forward_backward,102,6,56,12.992511749267578
diff,forward_backward,119,7,57,13.002752304077148
diff,forward_backward,136,8,58,13.227007865905762
diff,forward_backward,153,9,59,13.140992164611816
diff,forward_backward,0,0,60,12.76416015625
diff,forward_backward,17,1,61,12.832768440246582
diff,forward_backward,34,2,62,12.912639617919922
diff,forward_backward,51,3,63,13.324288368225098
diff,forward_backward,68,4,64,13.174783706665039
diff,forward_backward,85,5,65,11.75654411315918
diff,forward_backward,102,6,66,12.93619155883789
diff,forward_backward,119,7,67,13.080575942993164
diff,forward_backward,136,8,68,13.134847640991211
diff,forward_backward,153,9,69,12.716032028198242
diff,forward_backward,0,0,70,12.616703987121582
diff,forward_backward,17,1,71,12.887040138244629
diff,forward_backward,34,2,72,12.86963176727295
diff,forward_backward,51,3,73,12.963839530944824
diff,forward_backward,68,4,74,13.345791816711426
diff,forward_backward,85,5,75,11.686911582946777
diff,forward_backward,102,6,76,13.091839790344238
diff,forward_backward,119,7,77,13.010944366455078
diff,forward_backward,136,8,78,13.253631591796875
diff,forward_backward,153,9,79,13.05292797088623
diff,forward_backward,0,0,80,12.635135650634766
diff,forward_backward,17,1,81,13.096960067749023
diff,forward_backward,34,2,82,12.877823829650879
diff,forward_backward,51,3,83,13.101056098937988
diff,forward_backward,68,4,84,13.180928230285645
diff,forward_backward,85,5,85,11.754495620727539
diff,forward_backward,102,6,86,12.914688110351562
diff,forward_backward,119,7,87,13.012991905212402
diff,forward_backward,136,8,88,13.187071800231934
diff,forward_backward,153,9,89,12.730367660522461
diff,forward_backward,0,0,90,12.66380786895752
diff,forward_backward,17,1,91,12.829695701599121
diff,forward_backward,34,2,92,12.876799583435059
diff,forward_backward,51,3,93,13.138943672180176
diff,forward_backward,68,4,94,13.290495872497559
diff,forward_backward,85,5,95,11.6428804397583
diff,forward_backward,102,6,96,13.017087936401367
diff,forward_backward,119,7,97,12.973055839538574
diff,forward_backward,136,8,98,13.200384140014648
diff,forward_backward,153,9,99,13.05395221710205
diff,forward_backward,0,0,100,12.67302417755127
diff,forward_backward,17,1,101,12.948479652404785
diff,forward_backward,34,2,102,12.84607982635498
diff,forward_backward,51,3,103,13.040639877319336
diff,forward_backward,68,4,104,13.042688369750977
diff,forward_backward,85,5,105,11.74732780456543
diff,forward_backward,102,6,106,13.026304244995117
diff,forward_backward,119,7,107,13.042688369750977
diff,forward_backward,136,8,108,13.18502426147461
diff,forward_backward,153,9,109,12.86246395111084
diff,forward_backward,0,0,110,12.800000190734863
diff,forward_backward,17,1,111,12.911616325378418
diff,forward_backward,34,2,112,12.921855926513672
diff,forward_backward,51,3,113,12.918784141540527
diff,forward_backward,68,4,114,13.181952476501465
diff,forward_backward,85,5,115,11.762687683105469
diff,forward_backward,102,6,116,12.966912269592285
diff,forward_backward,119,7,117,12.893183708190918
diff,forward_backward,136,8,118,13.220864295959473
diff,forward_backward,153,9,119,12.852224349975586
diff,forward_backward,0,0,120,12.583935737609863
diff,forward_backward,17,1,121,12.868608474731445
diff,forward_backward,34,2,122,12.897279739379883
diff,forward_backward,51,3,123,13.17580795288086
diff,forward_backward,68,4,124,13.247488021850586
diff,forward_backward,85,5,125,11.676671981811523
diff,forward_backward,102,6,126,13.063167572021484
diff,forward_backward,119,7,127,13.026304244995117
diff,forward_backward,136,8,128,13.219840049743652
diff,forward_backward,153,9,129,12.828672409057617
diff,forward_backward,0,0,130,12.605440139770508
diff,forward_backward,17,1,131,12.875776290893555
diff,forward_backward,34,2,132,12.831744194030762
diff,forward_backward,51,3,133,12.96895980834961
diff,forward_backward,68,4,134,13.291520118713379
diff,forward_backward,85,5,135,11.74630355834961
diff,forward_backward,102,6,136,13.108223915100098
diff,forward_backward,119,7,137,13.016063690185547
diff,forward_backward,136,8,138,13.214719772338867
diff,forward_backward,153,9,139,12.865535736083984
diff,forward_backward,0,0,140,12.733440399169922
diff,forward_backward,17,1,141,12.857343673706055
diff,forward_backward,34,2,142,12.934144020080566
diff,forward_backward,51,3,143,13.108223915100098
diff,forward_backward,68,4,144,13.278207778930664
diff,forward_backward,85,5,145,11.802623748779297
diff,forward_backward,102,6,146,13.046784400939941
diff,forward_backward,119,7,147,13.036543846130371
diff,forward_backward,136,8,148,13.120512008666992
diff,forward_backward,153,9,149,12.76416015625
diff,forward_backward,0,0,150,12.820480346679688
diff,forward_backward,17,1,151,12.921855926513672
diff,forward_backward,34,2,152,12.932095527648926
diff,forward_backward,51,3,153,13.170687675476074
diff,forward_backward,68,4,154,13.127679824829102
diff,forward_backward,85,5,155,11.73196792602539
diff,forward_backward,102,6,156,13.106176376342773
diff,forward_backward,119,7,157,13.04371166229248
diff,forward_backward,136,8,158,13.285375595092773
diff,forward_backward,153,9,159,12.794879913330078
diff,forward_backward,0,0,160,12.721152305603027
diff,forward_backward,17,1,161,12.882944107055664
diff,forward_backward,34,2,162,12.86451244354248
diff,forward_backward,51,3,163,13.008895874023438
diff,forward_backward,68,4,164,13.173760414123535
diff,forward_backward,85,5,165,11.565055847167969
diff,forward_backward,102,6,166,13.16044807434082
diff,forward_backward,119,7,167,12.928000450134277
diff,forward_backward,136,8,168,13.312000274658203
diff,forward_backward,153,9,169,12.808192253112793
diff,forward_backward,0,0,170,12.84607982635498
diff,forward_backward,17,1,171,12.996607780456543
diff,forward_backward,34,2,172,12.899328231811523
diff,forward_backward,51,3,173,12.985343933105469
diff,forward_backward,68,4,174,13.190143585205078
diff,forward_backward,85,5,175,11.83846378326416
diff,forward_backward,102,6,176,13.119487762451172
diff,forward_backward,119,7,177,12.886015892028809
diff,forward_backward,136,8,178,13.282303810119629
diff,forward_backward,153,9,179,12.788736343383789
diff,forward_backward,0,0,180,12.692480087280273
diff,forward_backward,17,1,181,13.080575942993164
diff,forward_backward,34,2,182,12.821503639221191
diff,forward_backward,51,3,183,13.279232025146484
diff,forward_backward,68,4,184,13.094911575317383
diff,forward_backward,85,5,185,11.662336349487305
diff,forward_backward,102,6,186,13.005824089050293
diff,forward_backward,119,7,187,12.946432113647461
diff,forward_backward,136,8,188,13.293567657470703
diff,forward_backward,153,9,189,12.63923168182373
diff,forward_backward,0,0,190,12.750847816467285
diff,forward_backward,17,1,191,12.906496047973633
diff,forward_backward,34,2,192,12.917759895324707
diff,forward_backward,51,3,193,13.200384140014648
diff,forward_backward,68,4,194,13.201408386230469
diff,forward_backward,85,5,195,11.84768009185791
diff,forward_backward,102,6,196,13.004799842834473
diff,forward_backward,119,7,197,13.042688369750977
diff,forward_backward,136,8,198,13.316096305847168
diff,forward_backward,153,9,199,12.789759635925293
gsplat_two_pass,forward,0,0,0,2.998271942138672
gsplat_two_pass,forward,17,1,1,3.275775909423828
gsplat_two_pass,forward,34,2,2,3.0545918941497803
gsplat_two_pass,forward,51,3,3,2.727936029434204
gsplat_two_pass,forward,68,4,4,2.662400007247925
gsplat_two_pass,forward,85,5,5,2.4391679763793945
gsplat_two_pass,forward,102,6,6,3.141632080078125
gsplat_two_pass,forward,119,7,7,3.11296010017395
gsplat_two_pass,forward,136,8,8,3.155967950820923
gsplat_two_pass,forward,153,9,9,2.8917760848999023
gsplat_two_pass,forward,0,0,10,2.973695993423462
gsplat_two_pass,forward,17,1,11,3.323904037475586
gsplat_two_pass,forward,34,2,12,3.01363205909729
gsplat_two_pass,forward,51,3,13,2.7801599502563477
gsplat_two_pass,forward,68,4,14,2.693120002746582
gsplat_two_pass,forward,85,5,15,2.406399965286255
gsplat_two_pass,forward,102,6,16,3.1395840644836426
gsplat_two_pass,forward,119,7,17,3.0351359844207764
gsplat_two_pass,forward,136,8,18,3.3013761043548584
gsplat_two_pass,forward,153,9,19,2.9317119121551514
gsplat_two_pass,forward,0,0,20,2.98905611038208
gsplat_two_pass,forward,17,1,21,3.2092161178588867
gsplat_two_pass,forward,34,2,22,3.039232015609741
gsplat_two_pass,forward,51,3,23,2.6992640495300293
gsplat_two_pass,forward,68,4,24,2.637824058532715
gsplat_two_pass,forward,85,5,25,2.3664638996124268
gsplat_two_pass,forward,102,6,26,3.16211199760437
gsplat_two_pass,forward,119,7,27,3.0914559364318848
gsplat_two_pass,forward,136,8,28,3.191807985305786
gsplat_two_pass,forward,153,9,29,2.9818880558013916
gsplat_two_pass,forward,0,0,30,3.0064640045166016
gsplat_two_pass,forward,17,1,31,3.2829439640045166
gsplat_two_pass,forward,34,2,32,3.0494720935821533
gsplat_two_pass,forward,51,3,33,2.736128091812134
gsplat_two_pass,forward,68,4,34,2.632704019546509
gsplat_two_pass,forward,85,5,35,2.331648111343384
gsplat_two_pass,forward,102,6,36,3.033087968826294
gsplat_two_pass,forward,119,7,37,3.0300159454345703
gsplat_two_pass,forward,136,8,38,3.191807985305786
gsplat_two_pass,forward,153,9,39,2.920448064804077
gsplat_two_pass,forward,0,0,40,2.9184000492095947
gsplat_two_pass,forward,17,1,41,3.610624074935913
gsplat_two_pass,forward,34,2,42,3.0566399097442627
gsplat_two_pass,forward,51,3,43,2.771967887878418
gsplat_two_pass,forward,68,4,44,2.7340800762176514
gsplat_two_pass,forward,85,5,45,2.3951361179351807
gsplat_two_pass,forward,102,6,46,3.092479944229126
gsplat_two_pass,forward,119,7,47,3.0648319721221924
gsplat_two_pass,forward,136,8,48,3.180543899536133
gsplat_two_pass,forward,153,9,49,3.004415988922119
gsplat_two_pass,forward,0,0,50,2.935807943344116
gsplat_two_pass,forward,17,1,51,3.185663938522339
gsplat_two_pass,forward,34,2,52,3.01363205909729
gsplat_two_pass,forward,51,3,53,2.6992640495300293
gsplat_two_pass,forward,68,4,54,2.732032060623169
gsplat_two_pass,forward,85,5,55,2.391040086746216
gsplat_two_pass,forward,102,6,56,3.0750720500946045
gsplat_two_pass,forward,119,7,57,3.0760960578918457
gsplat_two_pass,forward,136,8,58,3.379199981689453
gsplat_two_pass,forward,153,9,59,2.915328025817871
gsplat_two_pass,forward,0,0,60,3.0074880123138428
gsplat_two_pass,forward,17,1,61,3.274751901626587
gsplat_two_pass,forward,34,2,62,3.078144073486328
gsplat_two_pass,forward,51,3,63,2.708479881286621
gsplat_two_pass,forward,68,4,64,2.604032039642334
gsplat_two_pass,forward,85,5,65,2.430975914001465
gsplat_two_pass,forward,102,6,66,3.131392002105713
gsplat_two_pass,forward,119,7,67,3.1703040599823
gsplat_two_pass,forward,136,8,68,3.254271984100342
gsplat_two_pass,forward,153,9,69,2.9071359634399414
gsplat_two_pass,forward,0,0,70,2.96345591545105
gsplat_two_pass,forward,17,1,71,3.2368640899658203
gsplat_two_pass,forward,34,2,72,3.0023679733276367
gsplat_two_pass,forward,51,3,73,2.7258880138397217
gsplat_two_pass,forward,68,4,74,2.792448043823242
gsplat_two_pass,forward,85,5,75,2.407423973083496
gsplat_two_pass,forward,102,6,76,3.2522239685058594
gsplat_two_pass,forward,119,7,77,3.047424077987671
gsplat_two_pass,forward,136,8,78,3.1436800956726074
gsplat_two_pass,forward,153,9,79,2.9706239700317383
gsplat_two_pass,forward,0,0,80,2.974720001220703
gsplat_two_pass,forward,17,1,81,3.18668794631958
gsplat_two_pass,forward,34,2,82,3.0064640045166016
gsplat_two_pass,forward,51,3,83,2.76582407951355
gsplat_two_pass,forward,68,4,84,2.668544054031372
gsplat_two_pass,forward,85,5,85,2.3562240600585938
gsplat_two_pass,forward,102,6,86,3.0904319286346436
gsplat_two_pass,forward,119,7,87,3.057663917541504
gsplat_two_pass,forward,136,8,88,3.2573440074920654
gsplat_two_pass,forward,153,9,89,2.910207986831665
gsplat_two_pass,forward,0,0,90,2.876415967941284
gsplat_two_pass,forward,17,1,91,3.1979520320892334
gsplat_two_pass,forward,34,2,92,3.0105600357055664
gsplat_two_pass,forward,51,3,93,2.820096015930176
gsplat_two_pass,forward,68,4,94,2.663424015045166
gsplat_two_pass,forward,85,5,95,2.3787519931793213
gsplat_two_pass,forward,102,6,96,3.106816053390503
gsplat_two_pass,forward,119,7,97,3.072000026702881
gsplat_two_pass,forward,136,8,98,3.246079921722412
gsplat_two_pass,forward,153,9,99,2.9286398887634277
gsplat_two_pass,forward,0,0,100,2.9665279388427734
gsplat_two_pass,forward,17,1,101,3.230720043182373
gsplat_two_pass,forward,34,2,102,3.0218238830566406
gsplat_two_pass,forward,51,3,103,2.716671943664551
gsplat_two_pass,forward,68,4,104,2.6398720741271973
gsplat_two_pass,forward,85,5,105,2.3848960399627686
gsplat_two_pass,forward,102,6,106,3.0801920890808105
gsplat_two_pass,forward,119,7,107,3.048448085784912
gsplat_two_pass,forward,136,8,108,3.1447041034698486
gsplat_two_pass,forward,153,9,109,2.9429759979248047
gsplat_two_pass,forward,0,0,110,3.0382080078125
gsplat_two_pass,forward,17,1,111,3.234816074371338
gsplat_two_pass,forward,34,2,112,2.993151903152466
gsplat_two_pass,forward,51,3,113,2.810879945755005
gsplat_two_pass,forward,68,4,114,2.623487949371338
gsplat_two_pass,forward,85,5,115,2.3592960834503174
gsplat_two_pass,forward,102,6,116,3.073024034500122
gsplat_two_pass,forward,119,7,117,3.2870399951934814
gsplat_two_pass,forward,136,8,118,3.1283199787139893
gsplat_two_pass,forward,153,9,119,3.0156800746917725
gsplat_two_pass,forward,0,0,120,3.042304039001465
gsplat_two_pass,forward,17,1,121,3.1395840644836426
gsplat_two_pass,forward,34,2,122,3.072000026702881
gsplat_two_pass,forward,51,3,123,2.743295907974243
gsplat_two_pass,forward,68,4,124,2.668544054031372
gsplat_two_pass,forward,85,5,125,2.4104959964752197
gsplat_two_pass,forward,102,6,126,3.136512041091919
gsplat_two_pass,forward,119,7,127,3.077120065689087
gsplat_two_pass,forward,136,8,128,3.1948800086975098
gsplat_two_pass,forward,153,9,129,2.953216075897217
gsplat_two_pass,forward,0,0,130,3.0156800746917725
gsplat_two_pass,forward,17,1,131,3.2624640464782715
gsplat_two_pass,forward,34,2,132,3.018752098083496
gsplat_two_pass,forward,51,3,133,2.6961920261383057
gsplat_two_pass,forward,68,4,134,2.649087905883789
gsplat_two_pass,forward,85,5,135,2.411520004272461
gsplat_two_pass,forward,102,6,136,3.0740480422973633
gsplat_two_pass,forward,119,7,137,3.0566399097442627
gsplat_two_pass,forward,136,8,138,3.155967950820923
gsplat_two_pass,forward,153,9,139,2.9951999187469482
gsplat_two_pass,forward,0,0,140,2.9573121070861816
gsplat_two_pass,forward,17,1,141,3.3167359828948975
gsplat_two_pass,forward,34,2,142,3.027967929840088
gsplat_two_pass,forward,51,3,143,2.722815990447998
gsplat_two_pass,forward,68,4,144,2.637824058532715
gsplat_two_pass,forward,85,5,145,2.331648111343384
gsplat_two_pass,forward,102,6,146,3.0904319286346436
gsplat_two_pass,forward,119,7,147,3.1191039085388184
gsplat_two_pass,forward,136,8,148,3.1692800521850586
gsplat_two_pass,forward,153,9,149,2.9767680168151855
gsplat_two_pass,forward,0,0,150,2.9655039310455322
gsplat_two_pass,forward,17,1,151,3.224575996398926
gsplat_two_pass,forward,34,2,152,3.0300159454345703
gsplat_two_pass,forward,51,3,153,2.743295907974243
gsplat_two_pass,forward,68,4,154,2.653183937072754
gsplat_two_pass,forward,85,5,155,2.3859200477600098
gsplat_two_pass,forward,102,6,156,3.1744000911712646
gsplat_two_pass,forward,119,7,157,3.0545918941497803
gsplat_two_pass,forward,136,8,158,3.216383934020996
gsplat_two_pass,forward,153,9,159,2.96345591545105
gsplat_two_pass,forward,0,0,160,2.983936071395874
gsplat_two_pass,forward,17,1,161,3.2092161178588867
gsplat_two_pass,forward,34,2,162,3.0300159454345703
gsplat_two_pass,forward,51,3,163,2.7197439670562744
gsplat_two_pass,forward,68,4,164,2.6757121086120605
gsplat_two_pass,forward,85,5,165,2.3941121101379395
gsplat_two_pass,forward,102,6,166,3.073024034500122
gsplat_two_pass,forward,119,7,167,3.136512041091919
gsplat_two_pass,forward,136,8,168,3.175424098968506
gsplat_two_pass,forward,153,9,169,2.999295949935913
gsplat_two_pass,forward,0,0,170,2.9675519466400146
gsplat_two_pass,forward,17,1,171,3.2522239685058594
gsplat_two_pass,forward,34,2,172,3.0955519676208496
gsplat_two_pass,forward,51,3,173,2.689023971557617
gsplat_two_pass,forward,68,4,174,2.653183937072754
gsplat_two_pass,forward,85,5,175,2.35315203666687
gsplat_two_pass,forward,102,6,176,3.0801920890808105
gsplat_two_pass,forward,119,7,177,3.0054399967193604
gsplat_two_pass,forward,136,8,178,3.1641600131988525
gsplat_two_pass,forward,153,9,179,2.949120044708252
gsplat_two_pass,forward,0,0,180,2.9122560024261475
gsplat_two_pass,forward,17,1,181,3.2225279808044434
gsplat_two_pass,forward,34,2,182,3.043328046798706
gsplat_two_pass,forward,51,3,183,2.796544075012207
gsplat_two_pass,forward,68,4,184,2.707456111907959
gsplat_two_pass,forward,85,5,185,2.4145920276641846
gsplat_two_pass,forward,102,6,186,3.092479944229126
gsplat_two_pass,forward,119,7,187,3.0545918941497803
gsplat_two_pass,forward,136,8,188,3.1948800086975098
gsplat_two_pass,forward,153,9,189,2.9757440090179443
gsplat_two_pass,forward,0,0,190,2.9429759979248047
gsplat_two_pass,forward,17,1,191,3.1703040599823
gsplat_two_pass,forward,34,2,192,3.033087968826294
gsplat_two_pass,forward,51,3,193,2.747391939163208
gsplat_two_pass,forward,68,4,194,2.649087905883789
gsplat_two_pass,forward,85,5,195,2.3500800132751465
gsplat_two_pass,forward,102,6,196,3.0740480422973633
gsplat_two_pass,forward,119,7,197,3.0791680812835693
gsplat_two_pass,forward,136,8,198,3.2337920665740967
gsplat_two_pass,forward,153,9,199,3.1631360054016113
gsplat_two_pass,forward_backward,0,0,0,9.356287956237793
gsplat_two_pass,forward_backward,17,1,1,9.998335838317871
gsplat_two_pass,forward_backward,34,2,2,9.22009563446045
gsplat_two_pass,forward_backward,51,3,3,8.039423942565918
gsplat_two_pass,forward_backward,68,4,4,8.638463973999023
gsplat_two_pass,forward_backward,85,5,5,7.292928218841553
gsplat_two_pass,forward_backward,102,6,6,9.327615737915039
gsplat_two_pass,forward_backward,119,7,7,9.852928161621094
gsplat_two_pass,forward_backward,136,8,8,10.076160430908203
gsplat_two_pass,forward_backward,153,9,9,8.979455947875977
gsplat_two_pass,forward_backward,0,0,10,9.219072341918945
gsplat_two_pass,forward_backward,17,1,11,10.067968368530273
gsplat_two_pass,forward_backward,34,2,12,9.180159568786621
gsplat_two_pass,forward_backward,51,3,13,8.024064064025879
gsplat_two_pass,forward_backward,68,4,14,8.645631790161133
gsplat_two_pass,forward_backward,85,5,15,7.455743789672852
gsplat_two_pass,forward_backward,102,6,16,9.478143692016602
gsplat_two_pass,forward_backward,119,7,17,9.704447746276855
gsplat_two_pass,forward_backward,136,8,18,10.150912284851074
gsplat_two_pass,forward_backward,153,9,19,8.828927993774414
gsplat_two_pass,forward_backward,0,0,20,9.143296241760254
gsplat_two_pass,forward_backward,17,1,21,9.954303741455078
gsplat_two_pass,forward_backward,34,2,22,9.039872169494629
gsplat_two_pass,forward_backward,51,3,23,8.014847755432129
gsplat_two_pass,forward_backward,68,4,24,8.689663887023926
gsplat_two_pass,forward_backward,85,5,25,7.305215835571289
gsplat_two_pass,forward_backward,102,6,26,9.506815910339355
gsplat_two_pass,forward_backward,119,7,27,9.668607711791992
gsplat_two_pass,forward_backward,136,8,28,10.132479667663574
gsplat_two_pass,forward_backward,153,9,29,9.005056381225586
gsplat_two_pass,forward_backward,0,0,30,9.23136043548584
gsplat_two_pass,forward_backward,17,1,31,9.910271644592285
gsplat_two_pass,forward_backward,34,2,32,9.182208061218262
gsplat_two_pass,forward_backward,51,3,33,8.00972843170166
gsplat_two_pass,forward_backward,68,4,34,8.538111686706543
gsplat_two_pass,forward_backward,85,5,35,7.403520107269287
gsplat_two_pass,forward_backward,102,6,36,9.487360000610352
gsplat_two_pass,forward_backward,119,7,37,9.72492790222168
gsplat_two_pass,forward_backward,136,8,38,10.02905559539795
gsplat_two_pass,forward_backward,153,9,39,8.81663990020752
gsplat_two_pass,forward_backward,0,0,40,9.176063537597656
gsplat_two_pass,forward_backward,17,1,41,9.91436767578125
gsplat_two_pass,forward_backward,34,2,42,9.14022445678711
gsplat_two_pass,forward_backward,51,3,43,8.09164810180664
gsplat_two_pass,forward_backward,68,4,44,8.599552154541016
gsplat_two_pass,forward_backward,85,5,45,7.377920150756836
gsplat_two_pass,forward_backward,102,6,46,9.43718433380127
gsplat_two_pass,forward_backward,119,7,47,9.71571159362793
gsplat_two_pass,forward_backward,136,8,48,10.126336097717285
gsplat_two_pass,forward_backward,153,9,49,8.90982437133789
gsplat_two_pass,forward_backward,0,0,50,9.209856033325195
gsplat_two_pass,forward_backward,17,1,51,10.083328247070312
gsplat_two_pass,forward_backward,34,2,52,9.091072082519531
gsplat_two_pass,forward_backward,51,3,53,8.041472434997559
gsplat_two_pass,forward_backward,68,4,54,8.579071998596191
gsplat_two_pass,forward_backward,85,5,55,7.408639907836914
gsplat_two_pass,forward_backward,102,6,56,9.441280364990234
gsplat_two_pass,forward_backward,119,7,57,9.632767677307129
gsplat_two_pass,forward_backward,136,8,58,10.189824104309082
gsplat_two_pass,forward_backward,153,9,59,9.071616172790527
gsplat_two_pass,forward_backward,0,0,60,9.291775703430176
gsplat_two_pass,forward_backward,17,1,61,9.869312286376953
gsplat_two_pass,forward_backward,34,2,62,9.181183815002441
gsplat_two_pass,forward_backward,51,3,63,7.994368076324463
gsplat_two_pass,forward_backward,68,4,64,8.573951721191406
gsplat_two_pass,forward_backward,85,5,65,7.409664154052734
gsplat_two_pass,forward_backward,102,6,66,9.215999603271484
gsplat_two_pass,forward_backward,119,7,67,9.683967590332031
gsplat_two_pass,forward_backward,136,8,68,10.110976219177246
gsplat_two_pass,forward_backward,153,9,69,8.867839813232422
gsplat_two_pass,forward_backward,0,0,70,9.169919967651367
gsplat_two_pass,forward_backward,17,1,71,9.782272338867188
gsplat_two_pass,forward_backward,34,2,72,9.202688217163086
gsplat_two_pass,forward_backward,51,3,73,7.994368076324463
gsplat_two_pass,forward_backward,68,4,74,8.530943870544434
gsplat_two_pass,forward_backward,85,5,75,7.399424076080322
gsplat_two_pass,forward_backward,102,6,76,9.341952323913574
gsplat_two_pass,forward_backward,119,7,77,9.691136360168457
gsplat_two_pass,forward_backward,136,8,78,10.094592094421387
gsplat_two_pass,forward_backward,153,9,79,8.795136451721191
gsplat_two_pass,forward_backward,0,0,80,9.104384422302246
gsplat_two_pass,forward_backward,17,1,81,9.829376220703125
gsplat_two_pass,forward_backward,34,2,82,9.104384422302246
gsplat_two_pass,forward_backward,51,3,83,8.039423942565918
gsplat_two_pass,forward_backward,68,4,84,8.538111686706543
gsplat_two_pass,forward_backward,85,5,85,7.293951988220215
gsplat_two_pass,forward_backward,102,6,86,9.481216430664062
gsplat_two_pass,forward_backward,119,7,87,9.748479843139648
gsplat_two_pass,forward_backward,136,8,88,10.168319702148438
gsplat_two_pass,forward_backward,153,9,89,8.80844783782959
gsplat_two_pass,forward_backward,0,0,90,9.21292781829834
gsplat_two_pass,forward_backward,17,1,91,9.866239547729492
gsplat_two_pass,forward_backward,34,2,92,9.119744300842285
gsplat_two_pass,forward_backward,51,3,93,7.974912166595459
gsplat_two_pass,forward_backward,68,4,94,8.62720012664795
gsplat_two_pass,forward_backward,85,5,95,7.540736198425293
gsplat_two_pass,forward_backward,102,6,96,9.452544212341309
gsplat_two_pass,forward_backward,119,7,97,9.639936447143555
gsplat_two_pass,forward_backward,136,8,98,10.177536010742188
gsplat_two_pass,forward_backward,153,9,99,8.967167854309082
gsplat_two_pass,forward_backward,0,0,100,9.170944213867188
gsplat_two_pass,forward_backward,17,1,101,9.973759651184082
gsplat_two_pass,forward_backward,34,2,102,9.22111988067627
gsplat_two_pass,forward_backward,51,3,103,8.147968292236328
gsplat_two_pass,forward_backward,68,4,104,8.597503662109375
gsplat_two_pass,forward_backward,85,5,105,7.333888053894043
gsplat_two_pass,forward_backward,102,6,106,9.488384246826172
gsplat_two_pass,forward_backward,119,7,107,9.73414421081543
gsplat_two_pass,forward_backward,136,8,108,10.148863792419434
gsplat_two_pass,forward_backward,153,9,109,8.846336364746094
gsplat_two_pass,forward_backward,0,0,110,9.287679672241211
gsplat_two_pass,forward_backward,17,1,111,9.993215560913086
gsplat_two_pass,forward_backward,34,2,112,9.176063537597656
gsplat_two_pass,forward_backward,51,3,113,8.067071914672852
gsplat_two_pass,forward_backward,68,4,114,8.60979175567627
gsplat_two_pass,forward_backward,85,5,115,7.301119804382324
gsplat_two_pass,forward_backward,102,6,116,9.308159828186035
gsplat_two_pass,forward_backward,119,7,117,9.63584041595459
gsplat_two_pass,forward_backward,136,8,118,10.101759910583496
gsplat_two_pass,forward_backward,153,9,119,9.075712203979492
gsplat_two_pass,forward_backward,0,0,120,9.170944213867188
gsplat_two_pass,forward_backward,17,1,121,10.059776306152344
gsplat_two_pass,forward_backward,34,2,122,9.080831527709961
gsplat_two_pass,forward_backward,51,3,123,8.038399696350098
gsplat_two_pass,forward_backward,68,4,124,8.49407958984375
gsplat_two_pass,forward_backward,85,5,125,7.367680072784424
gsplat_two_pass,forward_backward,102,6,126,9.416704177856445
gsplat_two_pass,forward_backward,119,7,127,9.765888214111328
gsplat_two_pass,forward_backward,136,8,128,10.242048263549805
gsplat_two_pass,forward_backward,153,9,129,8.80742359161377
gsplat_two_pass,forward_backward,0,0,130,9.247743606567383
gsplat_two_pass,forward_backward,17,1,131,9.921536445617676
gsplat_two_pass,forward_backward,34,2,132,9.14022445678711
gsplat_two_pass,forward_backward,51,3,133,8.088576316833496
gsplat_two_pass,forward_backward,68,4,134,8.698880195617676
gsplat_two_pass,forward_backward,85,5,135,7.362559795379639
gsplat_two_pass,forward_backward,102,6,136,9.377792358398438
gsplat_two_pass,forward_backward,119,7,137,9.73516845703125
gsplat_two_pass,forward_backward,136,8,138,10.052607536315918
gsplat_two_pass,forward_backward,153,9,139,8.798208236694336
gsplat_two_pass,forward_backward,0,0,140,9.372672080993652
gsplat_two_pass,forward_backward,17,1,141,9.768959999084473
gsplat_two_pass,forward_backward,34,2,142,9.262080192565918
gsplat_two_pass,forward_backward,51,3,143,8.137727737426758
gsplat_two_pass,forward_backward,68,4,144,8.616959571838379
gsplat_two_pass,forward_backward,85,5,145,7.376895904541016
gsplat_two_pass,forward_backward,102,6,146,9.51193618774414
gsplat_two_pass,forward_backward,119,7,147,9.71776008605957
gsplat_two_pass,forward_backward,136,8,148,10.1212158203125
gsplat_two_pass,forward_backward,153,9,149,8.886272430419922
gsplat_two_pass,forward_backward,0,0,150,9.219072341918945
gsplat_two_pass,forward_backward,17,1,151,9.973759651184082
gsplat_two_pass,forward_backward,34,2,152,9.154560089111328
gsplat_two_pass,forward_backward,51,3,153,8.043519973754883
gsplat_two_pass,forward_backward,68,4,154,8.655872344970703
gsplat_two_pass,forward_backward,85,5,155,7.385087966918945
gsplat_two_pass,forward_backward,102,6,156,9.342975616455078
gsplat_two_pass,forward_backward,119,7,157,9.713664054870605
gsplat_two_pass,forward_backward,136,8,158,10.144767761230469
gsplat_two_pass,forward_backward,153,9,159,8.841216087341309
gsplat_two_pass,forward_backward,0,0,160,9.425919532775879
gsplat_two_pass,forward_backward,17,1,161,9.943039894104004
gsplat_two_pass,forward_backward,34,2,162,9.228287696838379
gsplat_two_pass,forward_backward,51,3,163,8.030207633972168
gsplat_two_pass,forward_backward,68,4,164,8.612863540649414
gsplat_two_pass,forward_backward,85,5,165,7.469056129455566
gsplat_two_pass,forward_backward,102,6,166,9.376768112182617
gsplat_two_pass,forward_backward,119,7,167,9.732095718383789
gsplat_two_pass,forward_backward,136,8,168,10.202112197875977
gsplat_two_pass,forward_backward,153,9,169,8.846336364746094
gsplat_two_pass,forward_backward,0,0,170,9.315327644348145
gsplat_two_pass,forward_backward,17,1,171,9.697279930114746
gsplat_two_pass,forward_backward,34,2,172,9.181183815002441
gsplat_two_pass,forward_backward,51,3,173,8.28927993774414
gsplat_two_pass,forward_backward,68,4,174,8.6364164352417
gsplat_two_pass,forward_backward,85,5,175,7.489535808563232
gsplat_two_pass,forward_backward,102,6,176,9.455615997314453
gsplat_two_pass,forward_backward,119,7,177,9.752575874328613
gsplat_two_pass,forward_backward,136,8,178,10.071040153503418
gsplat_two_pass,forward_backward,153,9,179,8.803327560424805
gsplat_two_pass,forward_backward,0,0,180,9.438207626342773
gsplat_two_pass,forward_backward,17,1,181,9.989119529724121
gsplat_two_pass,forward_backward,34,2,182,9.125887870788574
gsplat_two_pass,forward_backward,51,3,183,8.036352157592773
gsplat_two_pass,forward_backward,68,4,184,8.674304008483887
gsplat_two_pass,forward_backward,85,5,185,7.43936014175415
gsplat_two_pass,forward_backward,102,6,186,9.423871994018555
gsplat_two_pass,forward_backward,119,7,187,9.913344383239746
gsplat_two_pass,forward_backward,136,8,188,10.189824104309082
gsplat_two_pass,forward_backward,153,9,189,8.847359657287598
gsplat_two_pass,forward_backward,0,0,190,9.3306884765625
gsplat_two_pass,forward_backward,17,1,191,9.942015647888184
gsplat_two_pass,forward_backward,34,2,192,9.133055686950684
gsplat_two_pass,forward_backward,51,3,193,7.990272045135498
gsplat_two_pass,forward_backward,68,4,194,8.658944129943848
gsplat_two_pass,forward_backward,85,5,195,7.441408157348633
gsplat_two_pass,forward_backward,102,6,196,9.525247573852539
gsplat_two_pass,forward_backward,119,7,197,9.667584419250488
gsplat_two_pass,forward_backward,136,8,198,10.233856201171875
gsplat_two_pass,forward_backward,153,9,199,9.21395206451416
gsplat_native19,forward,0,0,0,2.338815927505493
gsplat_native19,forward,17,1,1,2.465791940689087
gsplat_native19,forward,34,2,2,2.3203840255737305
gsplat_native19,forward,51,3,3,2.0490241050720215
gsplat_native19,forward,68,4,4,2.208767890930176
gsplat_native19,forward,85,5,5,2.046976089477539
gsplat_native19,forward,102,6,6,2.3900160789489746
gsplat_native19,forward,119,7,7,2.554879903793335
gsplat_native19,forward,136,8,8,2.430975914001465
gsplat_native19,forward,153,9,9,2.3050239086151123
gsplat_native19,forward,0,0,10,2.368511915206909
gsplat_native19,forward,17,1,11,2.4248321056365967
gsplat_native19,forward,34,2,12,2.368511915206909
gsplat_native19,forward,51,3,13,2.111488103866577
gsplat_native19,forward,68,4,14,2.1688320636749268
gsplat_native19,forward,85,5,15,1.9865599870681763
gsplat_native19,forward,102,6,16,2.3490560054779053
gsplat_native19,forward,119,7,17,2.4350719451904297
gsplat_native19,forward,136,8,18,2.3992319107055664
gsplat_native19,forward,153,9,19,2.313215970993042
gsplat_native19,forward,0,0,20,2.4596478939056396
gsplat_native19,forward,17,1,21,2.451456069946289
gsplat_native19,forward,34,2,22,2.3664638996124268
gsplat_native19,forward,51,3,23,2.1780478954315186
gsplat_native19,forward,68,4,24,2.208767890930176
gsplat_native19,forward,85,5,25,2.023423910140991
gsplat_native19,forward,102,6,26,2.337791919708252
gsplat_native19,forward,119,7,27,2.4545280933380127
gsplat_native19,forward,136,8,28,2.4770560264587402
gsplat_native19,forward,153,9,29,2.2917120456695557
gsplat_native19,forward,0,0,30,2.362368106842041
gsplat_native19,forward,17,1,31,2.481152057647705
gsplat_native19,forward,34,2,32,2.3070719242095947
gsplat_native19,forward,51,3,33,2.1043200492858887
gsplat_native19,forward,68,4,34,2.220031976699829
gsplat_native19,forward,85,5,35,1.955839991569519
gsplat_native19,forward,102,6,36,2.3889920711517334
gsplat_native19,forward,119,7,37,2.3797760009765625
gsplat_native19,forward,136,8,38,2.4596478939056396
gsplat_native19,forward,153,9,39,2.2722558975219727
gsplat_native19,forward,0,0,40,2.332672119140625
gsplat_native19,forward,17,1,41,2.4791040420532227
gsplat_native19,forward,34,2,42,2.2968320846557617
gsplat_native19,forward,51,3,43,2.0490241050720215
gsplat_native19,forward,68,4,44,2.160640001296997
gsplat_native19,forward,85,5,45,1.9353599548339844
gsplat_native19,forward,102,6,46,2.4985599517822266
gsplat_native19,forward,119,7,47,2.3900160789489746
gsplat_native19,forward,136,8,48,2.436095952987671
gsplat_native19,forward,153,9,49,2.2527999877929688
gsplat_native19,forward,0,0,50,2.313215970993042
gsplat_native19,forward,17,1,51,2.4268798828125
gsplat_native19,forward,34,2,52,2.343935966491699
gsplat_native19,forward,51,3,53,2.12172794342041
gsplat_native19,forward,68,4,54,2.2179839611053467
gsplat_native19,forward,85,5,55,2.012160062789917
gsplat_native19,forward,102,6,56,2.382848024368286
gsplat_native19,forward,119,7,57,2.4145920276641846
gsplat_native19,forward,136,8,58,2.4545280933380127
gsplat_native19,forward,153,9,59,2.243583917617798
gsplat_native19,forward,0,0,60,2.352128028869629
gsplat_native19,forward,17,1,61,2.4289278984069824
gsplat_native19,forward,34,2,62,2.2906880378723145
gsplat_native19,forward,51,3,63,2.08076810836792
gsplat_native19,forward,68,4,64,2.1565439701080322
gsplat_native19,forward,85,5,65,2.0060160160064697
gsplat_native19,forward,102,6,66,2.341887950897217
gsplat_native19,forward,119,7,67,2.421760082244873
gsplat_native19,forward,136,8,68,2.5067520141601562
gsplat_native19,forward,153,9,69,2.2527999877929688
gsplat_native19,forward,0,0,70,2.317312002182007
gsplat_native19,forward,17,1,71,2.5866239070892334
gsplat_native19,forward,34,2,72,2.2896640300750732
gsplat_native19,forward,51,3,73,2.0971519947052
gsplat_native19,forward,68,4,74,2.1391360759735107
gsplat_native19,forward,85,5,75,2.0142080783843994
gsplat_native19,forward,102,6,76,2.3541760444641113
gsplat_native19,forward,119,7,77,2.441215991973877
gsplat_native19,forward,136,8,78,2.5518081188201904
gsplat_native19,forward,153,9,79,2.2456319332122803
gsplat_native19,forward,0,0,80,2.348031997680664
gsplat_native19,forward,17,1,81,2.412544012069702
gsplat_native19,forward,34,2,82,2.317312002182007
gsplat_native19,forward,51,3,83,2.2374401092529297
gsplat_native19,forward,68,4,84,2.1831679344177246
gsplat_native19,forward,85,5,85,1.9998719692230225
gsplat_native19,forward,102,6,86,2.3408639430999756
gsplat_native19,forward,119,7,87,2.371583938598633
gsplat_native19,forward,136,8,88,2.4299519062042236
gsplat_native19,forward,153,9,89,2.248703956604004
gsplat_native19,forward,0,0,90,2.333695888519287
gsplat_native19,forward,17,1,91,2.430975914001465
gsplat_native19,forward,34,2,92,2.284543991088867
gsplat_native19,forward,51,3,93,2.115583896636963
gsplat_native19,forward,68,4,94,2.209791898727417
gsplat_native19,forward,85,5,95,2.013184070587158
gsplat_native19,forward,102,6,96,2.35315203666687
gsplat_native19,forward,119,7,97,2.4391679763793945
gsplat_native19,forward,136,8,98,2.4729599952697754
gsplat_native19,forward,153,9,99,2.27839994430542
gsplat_native19,forward,0,0,100,2.3367679119110107
gsplat_native19,forward,17,1,101,2.4924159049987793
gsplat_native19,forward,34,2,102,2.3152639865875244
gsplat_native19,forward,51,3,103,2.096127986907959
gsplat_native19,forward,68,4,104,2.243583917617798
gsplat_native19,forward,85,5,105,2.040832042694092
gsplat_native19,forward,102,6,106,2.4944639205932617
gsplat_native19,forward,119,7,107,2.3900160789489746
gsplat_native19,forward,136,8,108,2.4688639640808105
gsplat_native19,forward,153,9,109,2.3101439476013184
gsplat_native19,forward,0,0,110,2.3255040645599365
gsplat_native19,forward,17,1,111,2.4494080543518066
gsplat_native19,forward,34,2,112,2.2865920066833496
gsplat_native19,forward,51,3,113,2.0736000537872314
gsplat_native19,forward,68,4,114,2.313215970993042
gsplat_native19,forward,85,5,115,2.0049920082092285
gsplat_native19,forward,102,6,116,2.3214080333709717
gsplat_native19,forward,119,7,117,2.3756799697875977
gsplat_native19,forward,136,8,118,2.6572799682617188
gsplat_native19,forward,153,9,119,2.3111679553985596
gsplat_native19,forward,0,0,120,2.343935966491699
gsplat_native19,forward,17,1,121,2.4821760654449463
gsplat_native19,forward,34,2,122,2.308095932006836
gsplat_native19,forward,51,3,123,2.106368064880371
gsplat_native19,forward,68,4,124,2.2210559844970703
gsplat_native19,forward,85,5,125,1.9548159837722778
gsplat_native19,forward,102,6,126,2.3756799697875977
gsplat_native19,forward,119,7,127,2.3592960834503174
gsplat_native19,forward,136,8,128,2.4483840465545654
gsplat_native19,forward,153,9,129,2.332672119140625
gsplat_native19,forward,0,0,130,2.3500800132751465
gsplat_native19,forward,17,1,131,2.4340479373931885
gsplat_native19,forward,34,2,132,2.3787519931793213
gsplat_native19,forward,51,3,133,2.0633599758148193
gsplat_native19,forward,68,4,134,2.159615993499756
gsplat_native19,forward,85,5,135,2.0101120471954346
gsplat_native19,forward,102,6,136,2.358272075653076
gsplat_native19,forward,119,7,137,2.4197120666503906
gsplat_native19,forward,136,8,138,2.4483840465545654
gsplat_native19,forward,153,9,139,2.2568960189819336
gsplat_native19,forward,0,0,140,2.3357439041137695
gsplat_native19,forward,17,1,141,2.4248321056365967
gsplat_native19,forward,34,2,142,2.3265280723571777
gsplat_native19,forward,51,3,143,2.0602879524230957
gsplat_native19,forward,68,4,144,2.1913599967956543
gsplat_native19,forward,85,5,145,1.9466240406036377
gsplat_native19,forward,102,6,146,2.341887950897217
gsplat_native19,forward,119,7,147,2.3838720321655273
gsplat_native19,forward,136,8,148,2.48524808883667
gsplat_native19,forward,153,9,149,2.3060479164123535
gsplat_native19,forward,0,0,150,2.3306241035461426
gsplat_native19,forward,17,1,151,2.447360038757324
gsplat_native19,forward,34,2,152,2.3490560054779053
gsplat_native19,forward,51,3,153,2.096127986907959
gsplat_native19,forward,68,4,154,2.1831679344177246
gsplat_native19,forward,85,5,155,1.9916800260543823
gsplat_native19,forward,102,6,156,2.343935966491699
gsplat_native19,forward,119,7,157,2.416640043258667
gsplat_native19,forward,136,8,158,2.436095952987671
gsplat_native19,forward,153,9,159,2.2906880378723145
gsplat_native19,forward,0,0,160,2.3654398918151855
gsplat_native19,forward,17,1,161,2.4842240810394287
gsplat_native19,forward,34,2,162,2.332672119140625
gsplat_native19,forward,51,3,163,2.0746240615844727
gsplat_native19,forward,68,4,164,2.203648090362549
gsplat_native19,forward,85,5,165,2.001919984817505
gsplat_native19,forward,102,6,166,2.3889920711517334
gsplat_native19,forward,119,7,167,2.430975914001465
gsplat_native19,forward,136,8,168,2.430975914001465
gsplat_native19,forward,153,9,169,2.2917120456695557
gsplat_native19,forward,0,0,170,2.3398399353027344
gsplat_native19,forward,17,1,171,2.3992319107055664
gsplat_native19,forward,34,2,172,2.348031997680664
gsplat_native19,forward,51,3,173,2.243583917617798
gsplat_native19,forward,68,4,174,2.1575679779052734
gsplat_native19,forward,85,5,175,2.0008959770202637
gsplat_native19,forward,102,6,176,2.3541760444641113
gsplat_native19,forward,119,7,177,2.446336030960083
gsplat_native19,forward,136,8,178,2.476032018661499
gsplat_native19,forward,153,9,179,2.292736053466797
gsplat_native19,forward,0,0,180,2.382848024368286
gsplat_native19,forward,17,1,181,2.5518081188201904
gsplat_native19,forward,34,2,182,2.348031997680664
gsplat_native19,forward,51,3,183,2.081792116165161
gsplat_native19,forward,68,4,184,2.2179839611053467
gsplat_native19,forward,85,5,185,1.99782395362854
gsplat_native19,forward,102,6,186,2.332672119140625
gsplat_native19,forward,119,7,187,2.425856113433838
gsplat_native19,forward,136,8,188,2.5036799907684326
gsplat_native19,forward,153,9,189,2.2947840690612793
gsplat_native19,forward,0,0,190,2.331648111343384
gsplat_native19,forward,17,1,191,2.4545280933380127
gsplat_native19,forward,34,2,192,2.337791919708252
gsplat_native19,forward,51,3,193,2.0951039791107178
gsplat_native19,forward,68,4,194,2.1964800357818604
gsplat_native19,forward,85,5,195,2.0295679569244385
gsplat_native19,forward,102,6,196,2.3500800132751465
gsplat_native19,forward,119,7,197,2.412544012069702
gsplat_native19,forward,136,8,198,2.6470398902893066
gsplat_native19,forward,153,9,199,2.450432062149048
gsplat_native19,forward_backward,0,0,0,6.627327919006348
gsplat_native19,forward_backward,17,1,1,6.774784088134766
gsplat_native19,forward_backward,34,2,2,6.509568214416504
gsplat_native19,forward_backward,51,3,3,5.791744232177734
gsplat_native19,forward_backward,68,4,4,6.321152210235596
gsplat_native19,forward_backward,85,5,5,5.223423957824707
gsplat_native19,forward_backward,102,6,6,6.614016056060791
gsplat_native19,forward_backward,119,7,7,6.887423992156982
gsplat_native19,forward_backward,136,8,8,7.376895904541016
gsplat_native19,forward_backward,153,9,9,6.4481282234191895
gsplat_native19,forward_backward,0,0,10,6.567935943603516
gsplat_native19,forward_backward,17,1,11,6.862847805023193
gsplat_native19,forward_backward,34,2,12,6.4389119148254395
gsplat_native19,forward_backward,51,3,13,5.77126407623291
gsplat_native19,forward_backward,68,4,14,6.411263942718506
gsplat_native19,forward_backward,85,5,15,5.449728012084961
gsplat_native19,forward_backward,102,6,16,6.6908159255981445
gsplat_native19,forward_backward,119,7,17,6.965248107910156
gsplat_native19,forward_backward,136,8,18,7.185408115386963
gsplat_native19,forward_backward,153,9,19,6.320127964019775
gsplat_native19,forward_backward,0,0,20,6.599679946899414
gsplat_native19,forward_backward,17,1,21,6.772736072540283
gsplat_native19,forward_backward,34,2,22,6.412288188934326
gsplat_native19,forward_backward,51,3,23,5.730303764343262
gsplat_native19,forward_backward,68,4,24,6.297599792480469
gsplat_native19,forward_backward,85,5,25,5.370880126953125
gsplat_native19,forward_backward,102,6,26,6.607872009277344
gsplat_native19,forward_backward,119,7,27,6.8976640701293945
gsplat_native19,forward_backward,136,8,28,7.516160011291504
gsplat_native19,forward_backward,153,9,29,6.158336162567139
gsplat_native19,forward_backward,0,0,30,6.8085761070251465
gsplat_native19,forward_backward,17,1,31,7.0010881423950195
gsplat_native19,forward_backward,34,2,32,6.479872226715088
gsplat_native19,forward_backward,51,3,33,5.814271926879883
gsplat_native19,forward_backward,68,4,34,6.21670389175415
gsplat_native19,forward_backward,85,5,35,5.27564811706543
gsplat_native19,forward_backward,102,6,36,6.624256134033203
gsplat_native19,forward_backward,119,7,37,6.8976640701293945
gsplat_native19,forward_backward,136,8,38,7.305215835571289
gsplat_native19,forward_backward,153,9,39,6.2412800788879395
gsplat_native19,forward_backward,0,0,40,6.713344097137451
gsplat_native19,forward_backward,17,1,41,6.8382720947265625
gsplat_native19,forward_backward,34,2,42,6.378496170043945
gsplat_native19,forward_backward,51,3,43,5.773312091827393
gsplat_native19,forward_backward,68,4,44,6.411263942718506
gsplat_native19,forward_backward,85,5,45,5.329919815063477
gsplat_native19,forward_backward,102,6,46,6.5669121742248535
gsplat_native19,forward_backward,119,7,47,6.9120001792907715
gsplat_native19,forward_backward,136,8,48,7.33081579208374
gsplat_native19,forward_backward,153,9,49,6.301695823669434
gsplat_native19,forward_backward,0,0,50,6.559743881225586
gsplat_native19,forward_backward,17,1,51,6.789120197296143
gsplat_native19,forward_backward,34,2,52,6.466559886932373
gsplat_native19,forward_backward,51,3,53,5.82144021987915
gsplat_native19,forward_backward,68,4,54,6.244351863861084
gsplat_native19,forward_backward,85,5,55,5.404672145843506
gsplat_native19,forward_backward,102,6,56,6.716415882110596
gsplat_native19,forward_backward,119,7,57,7.008255958557129
gsplat_native19,forward_backward,136,8,58,7.222271919250488
gsplat_native19,forward_backward,153,9,59,6.279168128967285
gsplat_native19,forward_backward,0,0,60,6.511616230010986
gsplat_native19,forward_backward,17,1,61,6.851583957672119
gsplat_native19,forward_backward,34,2,62,6.503424167633057
gsplat_native19,forward_backward,51,3,63,5.809152126312256
gsplat_native19,forward_backward,68,4,64,6.278143882751465
gsplat_native19,forward_backward,85,5,65,5.406720161437988
gsplat_native19,forward_backward,102,6,66,6.6211838722229
gsplat_native19,forward_backward,119,7,67,7.086080074310303
gsplat_native19,forward_backward,136,8,68,7.132160186767578
gsplat_native19,forward_backward,153,9,69,6.417407989501953
gsplat_native19,forward_backward,0,0,70,6.571008205413818
gsplat_native19,forward_backward,17,1,71,6.895616054534912
gsplat_native19,forward_backward,34,2,72,6.43993616104126
gsplat_native19,forward_backward,51,3,73,5.826560020446777
gsplat_native19,forward_backward,68,4,74,6.397952079772949
gsplat_native19,forward_backward,85,5,75,5.438464164733887
gsplat_native19,forward_backward,102,6,76,6.694911956787109
gsplat_native19,forward_backward,119,7,77,7.0215678215026855
gsplat_native19,forward_backward,136,8,78,7.29088020324707
gsplat_native19,forward_backward,153,9,79,6.307839870452881
gsplat_native19,forward_backward,0,0,80,6.58022403717041
gsplat_native19,forward_backward,17,1,81,6.8730878829956055
gsplat_native19,forward_backward,34,2,82,6.33241605758667
gsplat_native19,forward_backward,51,3,83,5.82860803604126
gsplat_native19,forward_backward,68,4,84,6.432767868041992
gsplat_native19,forward_backward,85,5,85,5.364736080169678
gsplat_native19,forward_backward,102,6,86,6.660096168518066
gsplat_native19,forward_backward,119,7,87,6.950911998748779
gsplat_native19,forward_backward,136,8,88,7.231488227844238
gsplat_native19,forward_backward,153,9,89,6.441984176635742
gsplat_native19,forward_backward,0,0,90,6.643712043762207
gsplat_native19,forward_backward,17,1,91,6.865920066833496
gsplat_native19,forward_backward,34,2,92,6.420479774475098
gsplat_native19,forward_backward,51,3,93,5.815296173095703
gsplat_native19,forward_backward,68,4,94,6.390783786773682
gsplat_native19,forward_backward,85,5,95,5.375999927520752
gsplat_native19,forward_backward,102,6,96,6.567935943603516
gsplat_native19,forward_backward,119,7,97,6.978559970855713
gsplat_native19,forward_backward,136,8,98,7.112703800201416
gsplat_native19,forward_backward,153,9,99,6.269951820373535
gsplat_native19,forward_backward,0,0,100,6.589439868927002
gsplat_native19,forward_backward,17,1,101,7.067647933959961
gsplat_native19,forward_backward,34,2,102,6.347775936126709
gsplat_native19,forward_backward,51,3,103,5.711872100830078
gsplat_native19,forward_backward,68,4,104,6.205440044403076
gsplat_native19,forward_backward,85,5,105,5.525504112243652
gsplat_native19,forward_backward,102,6,106,6.573056221008301
gsplat_native19,forward_backward,119,7,107,6.866943836212158
gsplat_native19,forward_backward,136,8,108,7.09119987487793
gsplat_native19,forward_backward,153,9,109,6.362112045288086
gsplat_native19,forward_backward,0,0,110,6.624256134033203
gsplat_native19,forward_backward,17,1,111,6.861824035644531
gsplat_native19,forward_backward,34,2,112,6.336512088775635
gsplat_native19,forward_backward,51,3,113,5.738495826721191
gsplat_native19,forward_backward,68,4,114,6.2412800788879395
gsplat_native19,forward_backward,85,5,115,5.355519771575928
gsplat_native19,forward_backward,102,6,116,6.576128005981445
gsplat_native19,forward_backward,119,7,117,7.0062079429626465
gsplat_native19,forward_backward,136,8,118,7.270400047302246
gsplat_native19,forward_backward,153,9,119,6.288383960723877
gsplat_native19,forward_backward,0,0,120,6.486015796661377
gsplat_native19,forward_backward,17,1,121,6.819839954376221
gsplat_native19,forward_backward,34,2,122,6.4778242111206055
gsplat_native19,forward_backward,51,3,123,5.732351779937744
gsplat_native19,forward_backward,68,4,124,6.206463813781738
gsplat_native19,forward_backward,85,5,125,5.341184139251709
gsplat_native19,forward_backward,102,6,126,6.605823993682861
gsplat_native19,forward_backward,119,7,127,6.98470401763916
gsplat_native19,forward_backward,136,8,128,7.172095775604248
gsplat_native19,forward_backward,153,9,129,6.303743839263916
gsplat_native19,forward_backward,0,0,130,6.6017279624938965
gsplat_native19,forward_backward,17,1,131,6.798336029052734
gsplat_native19,forward_backward,34,2,132,6.370304107666016
gsplat_native19,forward_backward,51,3,133,5.8572797775268555
gsplat_native19,forward_backward,68,4,134,6.323200225830078
gsplat_native19,forward_backward,85,5,135,5.348351955413818
gsplat_native19,forward_backward,102,6,136,6.7399678230285645
gsplat_native19,forward_backward,119,7,137,7.020544052124023
gsplat_native19,forward_backward,136,8,138,7.219200134277344
gsplat_native19,forward_backward,153,9,139,6.293504238128662
gsplat_native19,forward_backward,0,0,140,6.519807815551758
gsplat_native19,forward_backward,17,1,141,6.872064113616943
gsplat_native19,forward_backward,34,2,142,6.415359973907471
gsplat_native19,forward_backward,51,3,143,5.76204776763916
gsplat_native19,forward_backward,68,4,144,6.318079948425293
gsplat_native19,forward_backward,85,5,145,5.62175989151001
gsplat_native19,forward_backward,102,6,146,6.701056003570557
gsplat_native19,forward_backward,119,7,147,7.039999961853027
gsplat_native19,forward_backward,136,8,148,7.136256217956543
gsplat_native19,forward_backward,153,9,149,6.278143882751465
gsplat_native19,forward_backward,0,0,150,6.723584175109863
gsplat_native19,forward_backward,17,1,151,6.781951904296875
gsplat_native19,forward_backward,34,2,152,6.4686079025268555
gsplat_native19,forward_backward,51,3,153,5.7927680015563965
gsplat_native19,forward_backward,68,4,154,6.2259202003479
gsplat_native19,forward_backward,85,5,155,5.346303939819336
gsplat_native19,forward_backward,102,6,156,6.702079772949219
gsplat_native19,forward_backward,119,7,157,7.180287837982178
gsplat_native19,forward_backward,136,8,158,7.303167819976807
gsplat_native19,forward_backward,153,9,159,6.235136032104492
gsplat_native19,forward_backward,0,0,160,6.606847763061523
gsplat_native19,forward_backward,17,1,161,6.8433918952941895
gsplat_native19,forward_backward,34,2,162,6.4931840896606445
gsplat_native19,forward_backward,51,3,163,5.794816017150879
gsplat_native19,forward_backward,68,4,164,6.351871967315674
gsplat_native19,forward_backward,85,5,165,5.3534722328186035
gsplat_native19,forward_backward,102,6,166,6.5669121742248535
gsplat_native19,forward_backward,119,7,167,6.924287796020508
gsplat_native19,forward_backward,136,8,168,7.252992153167725
gsplat_native19,forward_backward,153,9,169,6.251520156860352
gsplat_native19,forward_backward,0,0,170,6.4983038902282715
gsplat_native19,forward_backward,17,1,171,6.807551860809326
gsplat_native19,forward_backward,34,2,172,6.418432235717773
gsplat_native19,forward_backward,51,3,173,5.832704067230225
gsplat_native19,forward_backward,68,4,174,6.3744001388549805
gsplat_native19,forward_backward,85,5,175,5.251071929931641
gsplat_native19,forward_backward,102,6,176,6.568960189819336
gsplat_native19,forward_backward,119,7,177,6.969344139099121
gsplat_native19,forward_backward,136,8,178,7.263232231140137
gsplat_native19,forward_backward,153,9,179,6.3006720542907715
gsplat_native19,forward_backward,0,0,180,6.523903846740723
gsplat_native19,forward_backward,17,1,181,6.833151817321777
gsplat_native19,forward_backward,34,2,182,6.368256092071533
gsplat_native19,forward_backward,51,3,183,5.830656051635742
gsplat_native19,forward_backward,68,4,184,6.261760234832764
gsplat_native19,forward_backward,85,5,185,5.420032024383545
gsplat_native19,forward_backward,102,6,186,6.789120197296143
gsplat_native19,forward_backward,119,7,187,6.961152076721191
gsplat_native19,forward_backward,136,8,188,7.214079856872559
gsplat_native19,forward_backward,153,9,189,6.214655876159668
gsplat_native19,forward_backward,0,0,190,6.684671878814697
gsplat_native19,forward_backward,17,1,191,6.963200092315674
gsplat_native19,forward_backward,34,2,192,6.517759799957275
gsplat_native19,forward_backward,51,3,193,5.814271926879883
gsplat_native19,forward_backward,68,4,194,6.239232063293457
gsplat_native19,forward_backward,85,5,195,5.35756778717041
gsplat_native19,forward_backward,102,6,196,6.620160102844238
gsplat_native19,forward_backward,119,7,197,6.933504104614258
gsplat_native19,forward_backward,136,8,198,7.616511821746826
gsplat_native19,forward_backward,153,9,199,6.689792156219482
gsplat_single,forward,0,0,0,2.637824058532715
gsplat_single,forward,17,1,1,2.935807943344116
gsplat_single,forward,34,2,2,2.708479881286621
gsplat_single,forward,51,3,3,2.450432062149048
gsplat_single,forward,68,4,4,2.4791040420532227
gsplat_single,forward,85,5,5,2.0787200927734375
gsplat_single,forward,102,6,6,2.8037118911743164
gsplat_single,forward,119,7,7,2.825216054916382
gsplat_single,forward,136,8,8,2.9224960803985596
gsplat_single,forward,153,9,9,2.6071040630340576
gsplat_single,forward,0,0,10,2.722815990447998
gsplat_single,forward,17,1,11,2.9859840869903564
gsplat_single,forward,34,2,12,2.7013120651245117
gsplat_single,forward,51,3,13,2.4401919841766357
gsplat_single,forward,68,4,14,2.3705599308013916
gsplat_single,forward,85,5,15,2.071552038192749
gsplat_single,forward,102,6,16,2.7791359424591064
gsplat_single,forward,119,7,17,2.689023971557617
gsplat_single,forward,136,8,18,2.861056089401245
gsplat_single,forward,153,9,19,2.7146239280700684
gsplat_single,forward,0,0,20,2.618367910385132
gsplat_single,forward,17,1,21,2.9378559589385986
gsplat_single,forward,34,2,22,2.7054080963134766
gsplat_single,forward,51,3,23,2.4688639640808105
gsplat_single,forward,68,4,24,2.3859200477600098
gsplat_single,forward,85,5,25,2.12172794342041
gsplat_single,forward,102,6,26,2.8078079223632812
gsplat_single,forward,119,7,27,2.7801599502563477
gsplat_single,forward,136,8,28,2.8538880348205566
gsplat_single,forward,153,9,29,2.6408960819244385
gsplat_single,forward,0,0,30,2.756608009338379
gsplat_single,forward,17,1,31,2.979840040206909
gsplat_single,forward,34,2,32,2.6951680183410645
gsplat_single,forward,51,3,33,2.4104959964752197
gsplat_single,forward,68,4,34,2.3746559619903564
gsplat_single,forward,85,5,35,2.081792116165161
gsplat_single,forward,102,6,36,2.756608009338379
gsplat_single,forward,119,7,37,2.7494399547576904
gsplat_single,forward,136,8,38,2.8293120861053467
gsplat_single,forward,153,9,39,2.588671922683716
gsplat_single,forward,0,0,40,2.7340800762176514
gsplat_single,forward,17,1,41,2.9429759979248047
gsplat_single,forward,34,2,42,2.8037118911743164
gsplat_single,forward,51,3,43,2.442239999771118
gsplat_single,forward,68,4,44,2.331648111343384
gsplat_single,forward,85,5,45,2.1862399578094482
gsplat_single,forward,102,6,46,2.770944118499756
gsplat_single,forward,119,7,47,2.7688961029052734
gsplat_single,forward,136,8,48,2.9112319946289062
gsplat_single,forward,153,9,49,2.6664960384368896
gsplat_single,forward,0,0,50,2.677759885787964
gsplat_single,forward,17,1,51,2.9378559589385986
gsplat_single,forward,34,2,52,2.748415946960449
gsplat_single,forward,51,3,53,2.4627199172973633
gsplat_single,forward,68,4,54,2.3664638996124268
gsplat_single,forward,85,5,55,2.1145598888397217
gsplat_single,forward,102,6,56,2.7688961029052734
gsplat_single,forward,119,7,57,2.884608030319214
gsplat_single,forward,136,8,58,2.9368319511413574
gsplat_single,forward,153,9,59,2.718719959259033
gsplat_single,forward,0,0,60,2.6398720741271973
gsplat_single,forward,17,1,61,2.939903974533081
gsplat_single,forward,34,2,62,2.7156479358673096
gsplat_single,forward,51,3,63,2.412544012069702
gsplat_single,forward,68,4,64,2.3152639865875244
gsplat_single,forward,85,5,65,2.0582399368286133
gsplat_single,forward,102,6,66,2.8938241004943848
gsplat_single,forward,119,7,67,2.8180480003356934
gsplat_single,forward,136,8,68,2.875391960144043
gsplat_single,forward,153,9,69,2.6460158824920654
gsplat_single,forward,0,0,70,2.6644480228424072
gsplat_single,forward,17,1,71,2.8979198932647705
gsplat_single,forward,34,2,72,2.850816011428833
gsplat_single,forward,51,3,73,2.4186880588531494
gsplat_single,forward,68,4,74,2.411520004272461
gsplat_single,forward,85,5,75,2.1022720336914062
gsplat_single,forward,102,6,76,2.846719980239868
gsplat_single,forward,119,7,77,2.7801599502563477
gsplat_single,forward,136,8,78,2.8866560459136963
gsplat_single,forward,153,9,79,2.6910719871520996
gsplat_single,forward,0,0,80,2.6368000507354736
gsplat_single,forward,17,1,81,2.9614078998565674
gsplat_single,forward,34,2,82,2.751487970352173
gsplat_single,forward,51,3,83,2.5026559829711914
gsplat_single,forward,68,4,84,2.4647679328918457
gsplat_single,forward,85,5,85,2.1073920726776123
gsplat_single,forward,102,6,86,2.7699201107025146
gsplat_single,forward,119,7,87,2.8037118911743164
gsplat_single,forward,136,8,88,2.8784639835357666
gsplat_single,forward,153,9,89,2.7013120651245117
gsplat_single,forward,0,0,90,2.614272117614746
gsplat_single,forward,17,1,91,2.8989439010620117
gsplat_single,forward,34,2,92,2.687999963760376
gsplat_single,forward,51,3,93,2.4535040855407715
gsplat_single,forward,68,4,94,2.4791040420532227
gsplat_single,forward,85,5,95,2.100224018096924
gsplat_single,forward,102,6,96,2.7586560249328613
gsplat_single,forward,119,7,97,2.8149759769439697
gsplat_single,forward,136,8,98,2.88972806930542
gsplat_single,forward,153,9,99,2.659327983856201
gsplat_single,forward,0,0,100,2.6562559604644775
gsplat_single,forward,17,1,101,2.9317119121551514
gsplat_single,forward,34,2,102,2.738176107406616
gsplat_single,forward,51,3,103,2.4340479373931885
gsplat_single,forward,68,4,104,2.3859200477600098
gsplat_single,forward,85,5,105,2.1237759590148926
gsplat_single,forward,102,6,106,2.817023992538452
gsplat_single,forward,119,7,107,2.7842559814453125
gsplat_single,forward,136,8,108,2.8293120861053467
gsplat_single,forward,153,9,109,2.63372802734375
gsplat_single,forward,0,0,110,2.6030080318450928
gsplat_single,forward,17,1,111,2.950144052505493
gsplat_single,forward,34,2,112,2.698240041732788
gsplat_single,forward,51,3,113,2.367487907409668
gsplat_single,forward,68,4,114,2.442239999771118
gsplat_single,forward,85,5,115,2.126847982406616
gsplat_single,forward,102,6,116,2.7586560249328613
gsplat_single,forward,119,7,117,2.7238399982452393
gsplat_single,forward,136,8,118,2.8620800971984863
gsplat_single,forward,153,9,119,2.7392001152038574
gsplat_single,forward,0,0,120,2.614272117614746
gsplat_single,forward,17,1,121,2.905087947845459
gsplat_single,forward,34,2,122,2.7781119346618652
gsplat_single,forward,51,3,123,2.398207902908325
gsplat_single,forward,68,4,124,2.3736319541931152
gsplat_single,forward,85,5,125,2.164736032485962
gsplat_single,forward,102,6,126,2.7852799892425537
gsplat_single,forward,119,7,127,2.820096015930176
gsplat_single,forward,136,8,128,2.8334081172943115
gsplat_single,forward,153,9,129,2.6306560039520264
gsplat_single,forward,0,0,130,2.6757121086120605
gsplat_single,forward,17,1,131,2.9163520336151123
gsplat_single,forward,34,2,132,2.7299840450286865
gsplat_single,forward,51,3,133,2.37772798538208
gsplat_single,forward,68,4,134,2.3797760009765625
gsplat_single,forward,85,5,135,2.106368064880371
gsplat_single,forward,102,6,136,2.7975680828094482
gsplat_single,forward,119,7,137,2.7842559814453125
gsplat_single,forward,136,8,138,2.8477439880371094
gsplat_single,forward,153,9,139,2.677759885787964
gsplat_single,forward,0,0,140,2.6757121086120605
gsplat_single,forward,17,1,141,3.003391981124878
gsplat_single,forward,34,2,142,2.7340800762176514
gsplat_single,forward,51,3,143,2.4268798828125
gsplat_single,forward,68,4,144,2.3511040210723877
gsplat_single,forward,85,5,145,2.1084160804748535
gsplat_single,forward,102,6,146,2.7975680828094482
gsplat_single,forward,119,7,147,2.76582407951355
gsplat_single,forward,136,8,148,2.899967908859253
gsplat_single,forward,153,9,149,2.63372802734375
gsplat_single,forward,0,0,150,2.7054080963134766
gsplat_single,forward,17,1,151,2.866175889968872
gsplat_single,forward,34,2,152,2.7412478923797607
gsplat_single,forward,51,3,153,2.4094719886779785
gsplat_single,forward,68,4,154,2.4084479808807373
gsplat_single,forward,85,5,155,2.110464096069336
gsplat_single,forward,102,6,156,2.8241920471191406
gsplat_single,forward,119,7,157,2.8098559379577637
gsplat_single,forward,136,8,158,2.8917760848999023
gsplat_single,forward,153,9,159,2.6112000942230225
gsplat_single,forward,0,0,160,2.7002880573272705
gsplat_single,forward,17,1,161,2.9224960803985596
gsplat_single,forward,34,2,162,2.781183958053589
gsplat_single,forward,51,3,163,2.4688639640808105
gsplat_single,forward,68,4,164,2.4084479808807373
gsplat_single,forward,85,5,165,2.170880079269409
gsplat_single,forward,102,6,166,2.7545599937438965
gsplat_single,forward,119,7,167,2.800640106201172
gsplat_single,forward,136,8,168,2.850816011428833
gsplat_single,forward,153,9,169,2.683903932571411
gsplat_single,forward,0,0,170,2.6521599292755127
gsplat_single,forward,17,1,171,2.9818880558013916
gsplat_single,forward,34,2,172,2.692095994949341
gsplat_single,forward,51,3,173,2.412544012069702
gsplat_single,forward,68,4,174,2.4135680198669434
gsplat_single,forward,85,5,175,2.0746240615844727
gsplat_single,forward,102,6,176,2.8590080738067627
gsplat_single,forward,119,7,177,2.861056089401245
gsplat_single,forward,136,8,178,2.851840019226074
gsplat_single,forward,153,9,179,2.6501119136810303
gsplat_single,forward,0,0,180,2.7013120651245117
gsplat_single,forward,17,1,181,2.950144052505493
gsplat_single,forward,34,2,182,2.7996160984039307
gsplat_single,forward,51,3,183,2.4248321056365967
gsplat_single,forward,68,4,184,2.407423973083496
gsplat_single,forward,85,5,185,2.1422080993652344
gsplat_single,forward,102,6,186,2.7699201107025146
gsplat_single,forward,119,7,187,2.787328004837036
gsplat_single,forward,136,8,188,2.8385279178619385
gsplat_single,forward,153,9,189,2.717695951461792
gsplat_single,forward,0,0,190,2.6368000507354736
gsplat_single,forward,17,1,191,2.9429759979248047
gsplat_single,forward,34,2,192,2.6910719871520996
gsplat_single,forward,51,3,193,2.421760082244873
gsplat_single,forward,68,4,194,2.4330239295959473
gsplat_single,forward,85,5,195,2.0643839836120605
gsplat_single,forward,102,6,196,2.8426239490509033
gsplat_single,forward,119,7,197,2.7504639625549316
gsplat_single,forward,136,8,198,3.077120065689087
gsplat_single,forward,153,9,199,2.845695972442627
gsplat_single,forward_backward,0,0,0,7.725056171417236
gsplat_single,forward_backward,17,1,1,8.479743957519531
gsplat_single,forward_backward,34,2,2,7.672832012176514
gsplat_single,forward_backward,51,3,3,6.684671878814697
gsplat_single,forward_backward,68,4,4,7.215104103088379
gsplat_single,forward_backward,85,5,5,5.7927680015563965
gsplat_single,forward_backward,102,6,6,8.057855606079102
gsplat_single,forward_backward,119,7,7,8.258560180664062
gsplat_single,forward_backward,136,8,8,8.639488220214844
gsplat_single,forward_backward,153,9,9,7.385087966918945
gsplat_single,forward_backward,0,0,10,7.886847972869873
gsplat_single,forward_backward,17,1,11,8.60159969329834
gsplat_single,forward_backward,34,2,12,7.840767860412598
gsplat_single,forward_backward,51,3,13,6.602752208709717
gsplat_single,forward_backward,68,4,14,7.2478718757629395
gsplat_single,forward_backward,85,5,15,5.945343971252441
gsplat_single,forward_backward,102,6,16,7.944191932678223
gsplat_single,forward_backward,119,7,17,8.39680004119873
gsplat_single,forward_backward,136,8,18,8.625151634216309
gsplat_single,forward_backward,153,9,19,7.4792962074279785
gsplat_single,forward_backward,0,0,20,7.727104187011719
gsplat_single,forward_backward,17,1,21,8.442879676818848
gsplat_single,forward_backward,34,2,22,7.619584083557129
gsplat_single,forward_backward,51,3,23,6.614016056060791
gsplat_single,forward_backward,68,4,24,7.280640125274658
gsplat_single,forward_backward,85,5,25,5.834752082824707
gsplat_single,forward_backward,102,6,26,7.970816135406494
gsplat_single,forward_backward,119,7,27,8.264703750610352
gsplat_single,forward_backward,136,8,28,8.565759658813477
gsplat_single,forward_backward,153,9,29,7.395328044891357
gsplat_single,forward_backward,0,0,30,7.862271785736084
gsplat_single,forward_backward,17,1,31,8.41318416595459
gsplat_single,forward_backward,34,2,32,7.737343788146973
gsplat_single,forward_backward,51,3,33,7.136256217956543
gsplat_single,forward_backward,68,4,34,7.2038397789001465
gsplat_single,forward_backward,85,5,35,5.855231761932373
gsplat_single,forward_backward,102,6,36,7.8745598793029785
gsplat_single,forward_backward,119,7,37,8.468480110168457
gsplat_single,forward_backward,136,8,38,8.518655776977539
gsplat_single,forward_backward,153,9,39,7.3512959480285645
gsplat_single,forward_backward,0,0,40,7.719935894012451
gsplat_single,forward_backward,17,1,41,8.573951721191406
gsplat_single,forward_backward,34,2,42,7.789567947387695
gsplat_single,forward_backward,51,3,43,6.554624080657959
gsplat_single,forward_backward,68,4,44,7.255040168762207
gsplat_single,forward_backward,85,5,45,5.809152126312256
gsplat_single,forward_backward,102,6,46,7.9185919761657715
gsplat_single,forward_backward,119,7,47,8.170495986938477
gsplat_single,forward_backward,136,8,48,8.713215827941895
gsplat_single,forward_backward,153,9,49,7.477248191833496
gsplat_single,forward_backward,0,0,50,7.7854719161987305
gsplat_single,forward_backward,17,1,51,8.440832138061523
gsplat_single,forward_backward,34,2,52,7.733248233795166
gsplat_single,forward_backward,51,3,53,6.594560146331787
gsplat_single,forward_backward,68,4,54,7.179264068603516
gsplat_single,forward_backward,85,5,55,5.875711917877197
gsplat_single,forward_backward,102,6,56,8.039423942565918
gsplat_single,forward_backward,119,7,57,8.319999694824219
gsplat_single,forward_backward,136,8,58,8.72652816772461
gsplat_single,forward_backward,153,9,59,7.465983867645264
gsplat_single,forward_backward,0,0,60,7.79366397857666
gsplat_single,forward_backward,17,1,61,8.40499210357666
gsplat_single,forward_backward,34,2,62,7.747583866119385
gsplat_single,forward_backward,51,3,63,6.590464115142822
gsplat_single,forward_backward,68,4,64,7.09222412109375
gsplat_single,forward_backward,85,5,65,5.912576198577881
gsplat_single,forward_backward,102,6,66,7.964672088623047
gsplat_single,forward_backward,119,7,67,8.254464149475098
gsplat_single,forward_backward,136,8,68,8.669183731079102
gsplat_single,forward_backward,153,9,69,7.500800132751465
gsplat_single,forward_backward,0,0,70,7.804927825927734
gsplat_single,forward_backward,17,1,71,8.462335586547852
gsplat_single,forward_backward,34,2,72,7.677951812744141
gsplat_single,forward_backward,51,3,73,6.57919979095459
gsplat_single,forward_backward,68,4,74,7.491583824157715
gsplat_single,forward_backward,85,5,75,5.867519855499268
gsplat_single,forward_backward,102,6,76,8.046591758728027
gsplat_single,forward_backward,119,7,77,8.378368377685547
gsplat_single,forward_backward,136,8,78,8.571904182434082
gsplat_single,forward_backward,153,9,79,7.547904014587402
gsplat_single,forward_backward,0,0,80,7.861248016357422
gsplat_single,forward_backward,17,1,81,8.461312294006348
gsplat_single,forward_backward,34,2,82,7.7209601402282715
gsplat_single,forward_backward,51,3,83,6.665215969085693
gsplat_single,forward_backward,68,4,84,7.283711910247803
gsplat_single,forward_backward,85,5,85,5.834752082824707
gsplat_single,forward_backward,102,6,86,7.906303882598877
gsplat_single,forward_backward,119,7,87,8.127488136291504
gsplat_single,forward_backward,136,8,88,8.672256469726562
gsplat_single,forward_backward,153,9,89,7.492608070373535
gsplat_single,forward_backward,0,0,90,7.665664196014404
gsplat_single,forward_backward,17,1,91,8.382464408874512
gsplat_single,forward_backward,34,2,92,7.723008155822754
gsplat_single,forward_backward,51,3,93,6.667263984680176
gsplat_single,forward_backward,68,4,94,7.14137601852417
gsplat_single,forward_backward,85,5,95,5.790719985961914
gsplat_single,forward_backward,102,6,96,7.857151985168457
gsplat_single,forward_backward,119,7,97,8.157183647155762
gsplat_single,forward_backward,136,8,98,8.863743782043457
gsplat_single,forward_backward,153,9,99,7.452672004699707
gsplat_single,forward_backward,0,0,100,7.818240165710449
gsplat_single,forward_backward,17,1,101,8.425472259521484
gsplat_single,forward_backward,34,2,102,7.723008155822754
gsplat_single,forward_backward,51,3,103,6.684671878814697
gsplat_single,forward_backward,68,4,104,7.1393280029296875
gsplat_single,forward_backward,85,5,105,5.951488018035889
gsplat_single,forward_backward,102,6,106,7.9585280418396
gsplat_single,forward_backward,119,7,107,8.282112121582031
gsplat_single,forward_backward,136,8,108,8.690688133239746
gsplat_single,forward_backward,153,9,109,7.48851203918457
gsplat_single,forward_backward,0,0,110,7.75270414352417
gsplat_single,forward_backward,17,1,111,8.430591583251953
gsplat_single,forward_backward,34,2,112,7.709695816040039
gsplat_single,forward_backward,51,3,113,6.5720319747924805
gsplat_single,forward_backward,68,4,114,7.246848106384277
gsplat_single,forward_backward,85,5,115,5.796864032745361
gsplat_single,forward_backward,102,6,116,7.853055953979492
gsplat_single,forward_backward,119,7,117,8.384511947631836
gsplat_single,forward_backward,136,8,118,8.607744216918945
gsplat_single,forward_backward,153,9,119,7.540736198425293
gsplat_single,forward_backward,0,0,120,7.766016006469727
gsplat_single,forward_backward,17,1,121,8.454143524169922
gsplat_single,forward_backward,34,2,122,7.675903797149658
gsplat_single,forward_backward,51,3,123,6.603775978088379
gsplat_single,forward_backward,68,4,124,7.1690239906311035
gsplat_single,forward_backward,85,5,125,5.797887802124023
gsplat_single,forward_backward,102,6,126,7.894015789031982
gsplat_single,forward_backward,119,7,127,8.390656471252441
gsplat_single,forward_backward,136,8,128,8.615936279296875
gsplat_single,forward_backward,153,9,129,7.445504188537598
gsplat_single,forward_backward,0,0,130,7.732223987579346
gsplat_single,forward_backward,17,1,131,8.5032958984375
gsplat_single,forward_backward,34,2,132,7.761919975280762
gsplat_single,forward_backward,51,3,133,6.651904106140137
gsplat_single,forward_backward,68,4,134,7.241727828979492
gsplat_single,forward_backward,85,5,135,5.907455921173096
gsplat_single,forward_backward,102,6,136,7.9923200607299805
gsplat_single,forward_backward,119,7,137,8.219648361206055
gsplat_single,forward_backward,136,8,138,9.013248443603516
gsplat_single,forward_backward,153,9,139,7.322624206542969
gsplat_single,forward_backward,0,0,140,7.738368034362793
gsplat_single,forward_backward,17,1,141,8.681471824645996
gsplat_single,forward_backward,34,2,142,7.758848190307617
gsplat_single,forward_backward,51,3,143,6.576128005981445
gsplat_single,forward_backward,68,4,144,7.193600177764893
gsplat_single,forward_backward,85,5,145,5.904384136199951
gsplat_single,forward_backward,102,6,146,7.9585280418396
gsplat_single,forward_backward,119,7,147,8.317952156066895
gsplat_single,forward_backward,136,8,148,8.629247665405273
gsplat_single,forward_backward,153,9,149,7.469056129455566
gsplat_single,forward_backward,0,0,150,7.849984169006348
gsplat_single,forward_backward,17,1,151,8.567808151245117
gsplat_single,forward_backward,34,2,152,7.631872177124023
gsplat_single,forward_backward,51,3,153,6.609920024871826
gsplat_single,forward_backward,68,4,154,7.120895862579346
gsplat_single,forward_backward,85,5,155,5.9310078620910645
gsplat_single,forward_backward,102,6,156,7.9042558670043945
gsplat_single,forward_backward,119,7,157,8.247296333312988
gsplat_single,forward_backward,136,8,158,8.663040161132812
gsplat_single,forward_backward,153,9,159,7.465983867645264
gsplat_single,forward_backward,0,0,160,7.973887920379639
gsplat_single,forward_backward,17,1,161,8.516608238220215
gsplat_single,forward_backward,34,2,162,7.73529577255249
gsplat_single,forward_backward,51,3,163,6.650879859924316
gsplat_single,forward_backward,68,4,164,7.249919891357422
gsplat_single,forward_backward,85,5,165,5.907455921173096
gsplat_single,forward_backward,102,6,166,8.069120407104492
gsplat_single,forward_backward,119,7,167,8.236031532287598
gsplat_single,forward_backward,136,8,168,8.638463973999023
gsplat_single,forward_backward,153,9,169,7.3461761474609375
gsplat_single,forward_backward,0,0,170,7.912447929382324
gsplat_single,forward_backward,17,1,171,8.522751808166504
gsplat_single,forward_backward,34,2,172,7.737343788146973
gsplat_single,forward_backward,51,3,173,6.608895778656006
gsplat_single,forward_backward,68,4,174,7.163904190063477
gsplat_single,forward_backward,85,5,175,5.846015930175781
gsplat_single,forward_backward,102,6,176,7.8837761878967285
gsplat_single,forward_backward,119,7,177,8.428544044494629
gsplat_single,forward_backward,136,8,178,8.70297622680664
gsplat_single,forward_backward,153,9,179,7.43833589553833
gsplat_single,forward_backward,0,0,180,7.840767860412598
gsplat_single,forward_backward,17,1,181,8.318976402282715
gsplat_single,forward_backward,34,2,182,7.698431968688965
gsplat_single,forward_backward,51,3,183,6.555647850036621
gsplat_single,forward_backward,68,4,184,7.192575931549072
gsplat_single,forward_backward,85,5,185,5.871615886688232
gsplat_single,forward_backward,102,6,186,8.019968032836914
gsplat_single,forward_backward,119,7,187,8.294400215148926
gsplat_single,forward_backward,136,8,188,8.743935585021973
gsplat_single,forward_backward,153,9,189,7.477248191833496
gsplat_single,forward_backward,0,0,190,7.835648059844971
gsplat_single,forward_backward,17,1,191,8.443903923034668
gsplat_single,forward_backward,34,2,192,7.7854719161987305
gsplat_single,forward_backward,51,3,193,6.5372161865234375
gsplat_single,forward_backward,68,4,194,7.178239822387695
gsplat_single,forward_backward,85,5,195,5.842944145202637
gsplat_single,forward_backward,102,6,196,8.036352157592773
gsplat_single,forward_backward,119,7,197,8.165375709533691
gsplat_single,forward_backward,136,8,198,8.570879936218262
gsplat_single,forward_backward,153,9,199,7.599103927612305
